{
  "D: v1\u535520d+\u7b49\u6743(\u65e0\u9650\u4e1a)": {
    "months": 203,
    "ann_ret": 1.7501983758049893,
    "ann_ret_gross": 1.7897983758049891,
    "sharpe": 1.5398507040287233,
    "mdd": -0.3095621695426778,
    "rand_ann": 